Year,Molecule,Authors,Source,Detection Method
1937,CHmethylidyne,"['P. Swings', 'L. Rosenfeld', 'A. McKellar', 'S. Adams', 'H. Rydbeck', 'J. Elldér', 'M. Irvine', 'Y. Sheffer', 'R. Federman']",ζ Oph,"['Radio', 'UV/Vis']"
1940,CNcyano radical,"['A. McKellar', 'S. Adams', 'B. Jefferts', 'A. Penzias', 'W. Wilson']",ζ Oph,"['Radio', 'UV/Vis']"
1941,CH+methylidyne cation,"['E. Douglas', 'T. Dunham', 'S. Adams']","ζ Oph, ξ Per, χ2 Ori, 55 Cyg",['UV/Vis']
1963,OHhydroxyl radical,"['S. Weinreb', 'H. Barrett', 'L. Meeks', 'C. Henry']",Cas A,['Radio']
1968,NH3ammonia,"['C. Cheung', 'M. Rank', 'H. Townes', 'D. Thornton', 'J. Welch']",galactic center,['Radio']
1969,H2Owater,"['C. Cheung', 'M. Rank', 'H. Townes', 'D. Thornton', 'J. Welch']","Sgr B2, Orion nebula, W49",['Radio']
1969,H2COformaldehyde,"['E. Snyder', 'D. Buhl', 'B. Zuckerman', 'P. Palmer']",Numerous sources,['Radio']
1970,COcarbon monoxide,"['W. Wilson', 'B. Jefferts', 'A. Penzias', 'P. Solomon', 'B. Jefferts', 'W. Wilson', 'M. Smith', 'P. Stecher']","Orion nebula, IRC +10216","['Radio', 'UV/Vis']"
1970,H2hydrogen,['R. Carruthers'], Persei,['UV/Vis']
1970,HCO+formyl cation,"['D. Buhl', 'E. Snyder']","Orion, W51, W3(OH), L134, Sgr A(NH3A)",['Radio']
1970,CH3OHmethanol,"['A. Ball', 'A. Gottlieb', 'E. Lilley', 'E. Radford']","Sgr A, Sgr B2",['Radio']
1971,HC3Ncyanoacetylene,['E. Turner'],Sgr B2,['Radio']
1971,HCNhydrogen cyanide,"['E. Snyder', 'D. Buhl']","W3(OH), Orion A, and 4 other sources",['Radio']
1971,HCOOHformic acid,"['B. Zuckerman', 'A. Ball', 'A. Gottlieb', 'G. Winnewisser', 'E. Churchwell']",Sgr B2,['Radio']
1971,SiOsilicon monoxide,"['W. Wilson', 'A. Penzias', 'B. Jefferts', 'N. Kutner', 'P. Thaddeus', 'F. Dickinson']","Sgr B2, Orion A",['Radio']
1971,CScarbon monosulfide,"['A. Penzias', 'M. Solomon', 'W. Wilson', 'A. Penzias', 'B. Jefferts', 'B. Zuckerman', 'M. Morris', 'P. Palmer', 'E. Turner']","Orion A, W51, IRC +10216, DR 21",['Radio']
1971,CH3CNmethyl cyanide,"['B. Jefferts', 'A. Penzias', 'W. Wilson']","Sgr A, Sgr B",['Radio']
1971,OCScarbonyl sulfide,"['B. Jefferts', 'A. Penzias', 'M. Solomon', 'M. Solomon']",Sgr B2,['Radio']
1971,NH2CHOformamide,"['H. Rubin', 'W. Swenson', 'C. Solomon', 'L. Flygare']",Sgr B2,['Radio']
1972,HNChydrogen isocyanide,"['E. Snyder', 'D. Buhl', 'B. Zuckerman', 'M. Morris', 'P. Palmer', 'E. Turner', 'L. Blackman', 'D. Brown', 'D. Godfrey', 'I. Gunn']","W51, NGC 2264",['Radio']
1972,H2Shydrogen sulfide,"['P. Thaddeus', 'L. Kutner', 'A. Penzias', 'W. Wilson', 'B. Jefferts']",7 sources,['Radio']
1972,HNCOisocyanic acid,"['E. Snyder', 'D. Buhl']",Sgr B2,['Radio']
1973,CH3CHOacetaldehyde,"['A. Gottlieb', 'A. Gordon', 'E. Snyder', 'N. Fourikis', 'W. Sinclair', 'J. Robinson', 'D. Godfrey', 'D. Brown', 'W. Gilmore', 'M. Morris', 'P. Palmer', 'R. Johnson', 'J. Lovas', 'E. Turner', 'B. Zuckerman']",Sgr B2,['Radio']
1973,CH3CCHmethylacetylene,"['D. Buhl', 'E. Snyder', 'A. Gordon', 'E. Snyder']",Sgr B2,['Radio']
1973,CH2NHmethanimine,"['D. Godfrey', 'D. Brown', 'J. Robinson', 'W. Sinclair']",???,['Radio']
1973,H2CSthioformaldehyde,"['W. Sinclair', 'N. Fourikis', 'C. Ribes', 'J. Robinson', 'D. Brown', 'D. Godfrey']",Sgr B2,['Radio']
1973,SOsulfur monoxide,"['A. Gottlieb', 'J. Ball']","Orion A, etc.",['Radio']
1974,CH3OCH3dimethyl ether,"['E. Snyder', 'D. Buhl', 'R. Schwartz', 'O. Clark', 'R. Johnson', 'J. Lovas']",Orion Nebula,['Radio']
1974,CH3NH2methylamine,"['N. Kaifu', 'M. Morimoto', 'K. Nagane', 'K. Akabane', 'T. Iguchi', 'K. Takagi', 'N. Fourikis', 'K. Takagi', 'M. Morimoto']","Sgr B2, Orion A",['Radio']
1974,N2H+protonated nitrogen,"['E. Turner', 'S. Green', 'A. Montgomery', 'P. Thaddeus']",many sources,['Radio']
1974,C2Hethynyl radical,"['D. Tucker', 'L. Kutner', 'P. Thaddeus']","Orion A, etc.",['Radio']
1975,CH2CHCNvinylcyanide,"['F. Gardner', 'G. Winnewisser']",Sgr B2,['Radio']
1975,CH3CH2OHethanol,"['B. Zuckerman', 'E. Turner', 'R. Johnson', 'O. Clark', 'J. Lovas', 'N. Fourikis', 'P. Palmer', 'M. Morris', 'E. Lilley', 'A. Ball', 'A. Gottlieb', 'H. Penfield', 'C. Pearson', 'N. Sastry', 'E. Herbst']",Sgr B2,['Radio']
1975,HCOOCH3methyl formate,"['D. Brown', 'G. Crofts', 'D. Godfrey', 'F. Gardner', 'J. Robinson', 'B. Whiteoak', 'E. Churchwell', 'G. Winnewisser', 'L. Neill', 'T. Muckle', 'P. Zaleski', 'L. Steber', 'H. Pate', 'V. Lattanzi', 'S. Spezzano', 'C. McCarthy', 'J. Remijan']",cis isomer: Sgr B2,['Radio']
1975,SO2sulfur dioxide,"['E. Snyder', 'M. Hollis', 'L. Ulich', 'J. Lovas', 'D. Buhl']",Orion A,['Radio']
1975,SiSsilicon monosulfide,"['M. Morris', 'W. Gilmore', 'P. Palmer', 'E. Turner', 'B. Zuckerman']",IRC +10216,['Radio']
1975,NSnitrogen monosulfide,"['A. Gottlieb', 'A. Ball', 'W. Gottlieb', 'J. Lada', 'H. Penfield', 'H. Kuiper', 'K. Kakar', 'N. Rodriguez', 'B. Zuckerman']",Sgr B2,['Radio']
1975,NH2CNcyanamide,"['E. Turner', 'S. Liszt', 'N. Kaifu', 'G. Kisliakov']",Sgr B2,['Radio']
1976,HC5Ncyanodiacetylene,"['W. Avery', 'W. Broten', 'M. McLeod', 'W. Kroto', 'W. Broten', 'M. McLeod', 'W. Avery', 'W. Brooks', 'X. McGee', 'M. Newton']",Sgr B2,['Radio']
1976,HCOformyl radical,"['E. Snyder', 'M. Hollis', 'L. Ulich']","W3, NGC 2024, W51, K3-50",['Radio']
1976,C2H2acetylene,"['T. Ridgway', 'B. Hall', 'S. Wojslaw', 'G. Kleinmann', 'A. Weinberger', 'H. Lacy', 'J. Evans', 'M. Achtermann', 'E. Bruce', 'F. Arens', 'S. Carr']",IRC +10 216,['IR']
1977,C3Ncyanoethynyl radical,"['M. Guélin', 'P. Thaddeus', 'P. Friberg', 'M. Irvine', 'M. Guélin']",IRC +10216,['Radio']
1977,H2CCOketene,['E. Turner'],Sgr B2,['Radio']
1977,C2dicarbon,"['P. Souza', 'L. Lutz']",Cygnus OB2 No. 12,['IR']
1977,HNOnitrosyl hydride,"['L. Ulich', 'M. Hollis', 'E. Snyder', 'M. Hollis', 'E. Snyder', 'M. Ziurys', 'D. McGonagle', 'E. Snyder', 'J. Kuan', 'M. Ziurys', 'M. Hollis', 'M. Ziurys', 'M. Hollis']","Sgr B2, NGC 2024, etc.",['Radio']
1977,CH3CH2CN,"['R. Johnson', 'J. Lovas', 'A. Gottlieb', 'W. Gottlieb', 'M. Litvak', 'M. Guélin']","OMC-1, Sgr B2",['Radio']
1978,HC7Ncyanotriacetylene,"['W. Kroto', 'C. Kirby', 'M. Walton', 'W. Avery', 'W. Broten', 'M. MacLeod', 'T. Little', 'H. MacDonald', 'W. Riley', 'N. Matheson', 'G. Winnewisser', 'M. Walmsley']",Heiles 2 (& TMC2),['Radio']
1978,HC9Ncyanotetraacetylene,"['W. Broten', 'W. Avery', 'M. MacLeod', 'W. Kroto']",Heile's Cloud 2,['Radio']
1978,C4Hbutadiynyl radical,"['M. Guélin', 'S. Green', 'P. Thaddeus']",IRC +10216(OH),['Radio']
1978,NOnitric oxide,"['S. Liszt', 'E. Turner']",Sgr B2(OH),['Radio']
1979,OCN–cyanate,"['T. Soifer', 'C. Puetter', 'W. Russell', 'P. Willner', 'M. Harvey', 'C. Gillett']",W33A,['IR']
1979,CH3SHmethyl mercaptan,"['A. Linke', 'A. Frerking', 'P. Thaddeus']",Sgr B2,['Radio']
1979,HNCSisothiocyanic acid,"['A. Frerking', 'A. Linke', 'P. Thaddeus']",Sgr B2,['Radio']
1983,C2H4ethylene,['L. Betz'],IRC +10216,['IR']
1981,HCS+,"['P. Thaddeus', 'M. Guélin', 'A. Linke']","Sgr B2, Orion A",['Radio']
1981,HOCO+,"['P. Thaddeus', 'M. Guélin', 'A. Linke', 'M. Bogey', 'C. Demuynck', 'L. Destombes']","Sgr B2, Orion A",['Radio']
1983,HOC+,"['C. Woods', 'S. Gudeman', 'L. Dickman', 'F. Goldsmith', 'R. Huguenin', 'H. Olofsson', 'M. Ziurys', 'J. Apponi']",Sgr B2,['Radio']
1984,CH3C3N,"['W. Broten', 'M. MacLeod', 'W. Avery', 'M. Irvine', 'B. Höglund', 'P. Friberg']",TMC-1,['Radio']
1984,SiH4,"['M. Goldhaber', 'L. Betz']",IRC +10216,['IR']
1984,CH3C4H,"['M. Walmsley', 'R. Jewell', 'E. Snyder', 'G. Winnewisser', 'M. MacLeod', 'W. Avery', 'W. Broten', 'B. Loren', 'A. Wootten', 'G. Mundy']",TMC-1,['Radio']
1985,C3O,"['E. Matthews', 'M. Irvine', 'P. Friberg', 'D. Brown', 'D. Godfrey', 'D. Brown', 'D. Godfrey', 'M. Cragg', 'N. Rice', 'M. Irvine', 'P. Friberg', 'H. Suzuki', 'M. Ohishi', 'N. Kaifu', 'M. Morimoto']",TMC-1,['Radio']
1984,c-SiC2,"['P. Thaddeus', 'E. Cummins', 'A. Linke']",IRC +10216,['Radio']
1985,C3H,"['P. Thaddeus', 'A. Gottlieb', 'A. Hjalmarson', 'B. Johansson', 'M. Irvine', 'P. Friberg', 'A. Linke']","TMC-1, 21/2 ladder",['Radio']
1985,HCl,"['A. Blake', 'G. Phillips', 'R. Federman', 'A. Cardell', 'L. Lambert', 'H. Black']",OMC-1,"['Radio', 'UV/Vis']"
1985,c-C3H2,"['P. Thaddeus', 'M. Vrtilek', 'A. Gottlieb']","Sgr B2, etc.",['Radio']
1986,C6H,"['H. Suzuki', 'M. Ohishi', 'N. Kaifu', 'I. Ishikawa', 'T. Kasuga', 'M. Guélin', 'J. Cernicharo', 'C. Kahane', 'J. Gomez', 'M. Walmsley']",TMC-1,['Radio']
1986,HCNH+,"['M. Ziurys', 'E. Turner']",Sgr B2,['Radio']
1986,MgNC,"['M. Guélin', 'J. Cernicharo', 'C. Kahane', 'J. Gomez', 'K. Kawaguchi', 'E. Kagi', 'T. Hirano', 'S. Takano', 'S. Saito', 'M. Guelin', 'R. Lucas', 'J. Cernicharo']",IRC +10216,['Radio']
1986,C5H,"['J. Cernicharo', 'C. Kahane', 'J. Gómez', 'M. Guélin', 'J. Cernicharo', 'C. Kahane', 'J. Gómez', 'M. Guélin']",IRC +10216,['Radio']
1986,H3O+,"['A. Wootten', 'F. Boulanger', 'M. Bogey', 'F. Combes', 'J. Encrenaz', 'M. Gerin', 'L. Ziurys', 'M. Hollis', 'B. Churchwell', 'E. Herbst', 'A. Wootten', 'G. Mangum', 'E. Turner', 'M. Bogey', 'F. Boulanger', 'F. Combes', 'J. Encrenaz', 'M. Gerin']","OMC1, Sgr B2/Orion KL",['Radio']
1987,C2S,"['S. Saito', 'K. Kawaguchi', 'S. Yamamoto', 'M. Ohishi', 'H. Suzuki', 'N. Kaifu', 'J. Cernicharo', 'C. Kahane', 'M. Guélin', 'H. Hein']","TMC-1, Sgr B2",['Radio']
1987,C3S,"['N. Kaifu', 'H. Suzuki', 'M. Ohishi', 'T. Miyaji', 'S. Ishikawa', 'T. Kasuga', 'M. Morimoto', 'S. Yamamoto', 'S. Saito', 'K. Kawaguchi', 'N. Kaifu', 'H. Suzuki', 'J. Cernicharo', 'C. Kahane', 'M. Guélin', 'H. Hein']",TMC-1,['Radio']
1987,(CH3)2CO,"['F. Combes', 'M. Gerin', 'A. Wooten', 'G. Wlodarczak', 'F. Clausset', 'I. Encrenaz', 'E. Snyder', 'J. Lovas', 'M. Mehnringer', 'Y. Miao', 'J. Kuan', 'M. Hollis', 'R. Jewell']",Sgr B2,['Radio']
1987,NaCl,"['J. Cernicharo', 'M. Guélin']",IRC +10216,['Radio']
1987,AlCl,"['J. Cernicharo', 'M. Guélin']",IRC +10216,['Radio']
1987,KCl,"['J. Cernicharo', 'M. Guélin']",IRC +10216,['Radio']
1987,AlF,"['J. Cernicharo', 'M. Guélin', 'M. Ziurys', 'J. Apponi', 'G. Phillips']",IRC +10216,['Radio']
1987,c-C3H,"['S. Yamamoto', 'S. Saito', 'M. Ohishi', 'H. Suzuki', 'I. Ishikawa', 'N. Kaifu', 'A. Murakami']",TMC-1,['Radio']
1987,PN,"['E. Turner', 'J. Bally', 'M. Ziurys']","Orion KL, W51M, Sgr B2",['Radio']
1988,CH3NC,"['J. Cernicharo', 'C. Kahane', 'M. Guélin', 'J. Gomez', 'I. High', 'P. Gratier', 'J. Pety', 'V. Guzmán', 'M. Gerin', 'R. Goicoechea', 'E. Roueff', 'A. Faure']",Sgr B2,['Radio']
1988,C3,"['H. Hinkle', 'J. Keady', 'F. Bernath', 'J. Cernicharo', 'R. Goicoechea', 'E. Caux']",IRC +10216,['IR']
1988,CH2CN,"['M. Irvine', 'P. Friberg', 'S. Ishikawa', 'N. Kaifu', 'K. Kawaguchi', 'C. Madden', 'E. Matthews', 'M. Ohishi', 'S. Saito', 'H. Suzuki', 'P. Thaddeus', 'E. Turner', 'S. Yamamoto', 'M. Ziurys']","TMC-1, Sgr B2",['Radio']
1988,HC2CHO,"['M. Irvine', 'D. Brown', 'M. Craig', 'P. Friberg', 'D. Godfrey', 'N. Kaifu', 'E. Matthews', 'M. Ohishi', 'H. Suzuki', 'H. Takeo']",TMC-1,['Radio']
1989,C5,"['F. Bernath', 'H. Hinkle', 'J. Keady']",IRC +10216,['IR']
1989,SiC,"['J. Cernicharo', 'A. Gottlieb', 'M. Guélin', 'P. Thaddeus', 'M. Vrtilek']",IRC +10216,['Radio']
1989,SiC4,"['M. Ohishi', 'N. Kaifu', 'K. Kawaguchi', 'A. Murakami', 'S. Saito', 'S. Yamamoto', 'I. Ishikawa', 'Y. Fujita', 'S. Shiratori', 'M. Irvine']",IRC +10216,['Radio']
1989,CO2,['M. Jourdain'],"AFGL 961, 989, & 890",['IR']
1989,CH2,"['M. Hollis', 'R. Jewell', 'J. Lovas', 'M. Hollis', 'R. Jewell', 'J. Lovas']","Orion-KL, W51 M",['Radio']
1990,CP,"['M. Guélin', 'J. Cernicharo', 'G. Paubert', 'E. Turner']",IRC +10216,['Radio']
1991,H2CCC,"['J. Cernicharo', 'A. Gottlieb', 'C. Killian', 'G. Paubert', 'P. Thaddeus', 'M. Vrtilek']",TMC-1,['Radio']
1991,H2CCCC,"['J. Cernicharo', 'A. Gottlieb', 'C. Killian', 'P. Thaddeus', 'M. Vrtilek']",IRC+10216,['Radio']
1991,HC2N,"['M. Guélin', 'J. Cernicharo']",IRC +10216,['Radio']
1991,NH,"['M. Meyer', 'C. Roth']",ζ Persei & HD 27778,['UV/Vis']
1991,CH4,"['H. Lacy', 'S. Carr', 'J. Evans', 'F. Baas', 'M. Achtermann', 'F. Arens']","NGC 7538, IRS 9, etc.",['IR']
1991,C2O,"['M. Ohishi', 'H. Suzuki', 'I. Ishikawa', 'C. Yamada', 'H. Kanamori', 'M. Irvine', 'D. Brown', 'D. Godfrey', 'N. Kaifu']",TMC-1,['Radio']
1992,HCCNC,"['K. Kawaguchi', 'M. Ohishi', 'I. Ishikawa', 'N. Kaifu']",TMC-1,['Radio']
1992,SiN,['E. Turner'],IRC +10216,['Radio']
1992,HNCCC,"['K. Kawaguchi', 'S. Takano', 'M. Ohishi', 'I. Ishikawa', 'K. Miyazawa', 'N. Kaifu', 'K. Yamashita', 'S. Yamamoto', 'S. Saito', 'Y. Ohshima', 'Y. Endo']",TMC-1,['Radio']
1992,SO+,['E. Turner'],IC 443G,['Radio']
1993,NH2,"['J. Jansen', 'P. Schilke', 'G. Phillips']",Sgr B2(N) and Sgr B2(M),['Radio']
1993,CO+,"['B. Latter', 'K. Walker', 'R. Maloney']",M17SW,['Radio']
1994,HC3NH+,"['K. Kawaguchi', 'Y. Kasai', 'I. Ishikawa', 'M. Ohishi', 'N. Kaifu', 'T. Amano']",TMC-1,['Radio']
1994,H2CN,"['M. Ohishi', 'D. McGonagle', 'M. Irvine', 'S. Yamamoto']","TMC-1, Sgr B2",['Radio']
1994,NaCN,"['E. Turner', 'C. Steimle', 'L. Meerts']",IRC +10216,['Radio']
1994,N2O,"['M. Ziurys', 'J. Apponi', 'M. Hollis']",Sgr B2,['Radio']
1995,MgCN,"['M. Ziurys', 'J. Apponi', 'M. Guélin', 'J. Cernicharo']",IRC +10216,['Radio']
1996,C8H,"['J. Cernicharo', 'M. Guélin']",IRC +10216,['Radio']
1996,H3+,['R. Geballe'],"GL2136, W33A",['IR']
1996,H2COH+,"['M. Ohishi', 'S. Ishikawa', 'T. Amano', 'M. Irvine', 'E. Dickens', 'M. Ziurys']","Sgr B2, Orion KL, W51",['Radio']
1997,C7H,"['M. Guélin', 'J. Cernicharo', 'J. Travers', 'C. McCarthy', 'A. Gottlieb', 'P. Thaddeus', 'M. Ohishi', 'S. Saito', 'S. Yamamoto']",IRC +10216,['Radio']
1997,CH3COOH,"['M. Mehringer', 'E. Snyder', 'Y. Miao', 'F. Lovas']","Sgr B2, Orion KL, W51",['Radio']
1997,H2C6,"['D. Langer', 'T. Velusamy', 'H. Kuiper', 'R. Peng', 'C. McCarthy', 'J. Travers', 'A. Kovács', 'A. Gottlieb', 'P. Thaddeus']",TMC-1,['Radio']
1997,HF,"['A. Neufeld', 'J. Zmuidzinas', 'P. Schilke', 'G. Phillips']",Sgr B2,['Radio']
1997,c-C2H4O,"['E. Dickens', 'M. Irvine', 'M. Ohishi', 'M. Ikeda', 'S. Ishikawa', 'A. Nummelin', 'A. Hjalmarson']",Sgr B2N,['Radio']
1998,LiH,"['F. Combes', 'T. Wiklind', 'N. Friedel', 'A. Kemball', 'D. Fields', 'A. Neufeld', 'F. Goldsmith', 'C. Comito', 'A. Schmiedeke']",B0218+357,['Radio']
1998,C5N,"['M. Guélin', 'N. Neininger', 'J. Cernicharo']",TMC-1,['Radio']
1999,SiC3,"['J. Apponi', 'C. McCarthy', 'A. Gottlieb', 'P. Thaddeus']",IRC +10216,['Radio']
2000,CH3methyl radical,"['H. Feuchtgruber', 'P. Helmich', 'M. Wright']",Sgr A*,['IR']
2000,CH2OHCHO,"['M. Hollis', 'J. Lovas', 'R. Jewell']",Sgr B2(N),['Radio']
2000,SiCN,"['M. Guélin', 'S. Muller', 'J. Cernicharo', 'J. Apponi', 'C. McCarthy', 'A. Gottlieb', 'P. Thaddeus']",IRC +10216/CW Leo,['Radio']
2001,C4H2diacetylene,"['J. Cernicharo', 'M. Heras', 'M. Tielens', 'R. Pardo', 'F. Herpin', 'M. Guélin', 'M. Waters']",CRL 618,['IR']
2001,C6H2triacetylene,"['J. Cernicharo', 'M. Heras', 'M. Tielens', 'R. Pardo', 'F. Herpin', 'M. Guélin', 'M. Waters']",CRL 618,['IR']
2001,C6H6benzene,"['J. Cernicharo', 'M. Heras', 'M. Tielens', 'R. Pardo', 'F. Herpin', 'M. Guélin', 'M. Waters']",CRL 618,['IR']
2001,C2H5Naziridine,"['E. Dickens', 'M. Irvine', 'A. Nummelin', 'H. Møllendal', 'S. Saito', 'S. Thorwirth']","G327.3, G10.47, etc.",['Radio']
2001,CH2CHOHvinyl alcohol,"['E. Turner', 'J. Apponi']","Sgr B2N, Anti form",['Radio']
2002,AlNC,"['M. Ziurys', 'C. Savage', 'L. Highberger', 'J. Apponi', 'M. Guélin']",IRC +10216,['Radio']
2002,FeO,"['M. Walmsley', 'R. Bachiller', 'G. Pineau', 'P. Schilke']",Sgr B2(N),['Radio']
2002,HOCH2CH2OH,"['M. Hollis', 'J. Lovas', 'R. Jewell', 'H. Coudert']",Sgr B2(N-LMH),['Radio']
2004,C14H10,"['P. Vijh', 'N. Witt', 'D. Gordon', 'H. Nayfeh', 'R. Habbal']",Red Rectangle,['IR']
2004,N2,"['C. Knauth', 'G. Andersson', 'R. McCandliss', 'W. Moos']",HD 124314,['UV/Vis']
2004,CH2CHCHO,"['M. Hollis', 'R. Jewell', 'J. Lovas', 'A. Remijan', 'H. Møllendal']",Sgr B2(N),['Radio']
2004,CH3CH2CHO,"['M. Hollis', 'R. Jewell', 'J. Lovas', 'A. Remijan', 'H. Møllendal']",Sgr B2(N),['Radio']
2004,SiNC,"['M. Guélin', 'S. Muller', 'J. Cernicharo', 'C. McCarthy', 'P. Thaddeus']",IRC +10216,['Radio']
2004,HC4N,"['J. Cernicharo', 'M. Guélin', 'R. Pardo']",IRC +10216,['Radio']
2005,CO(CH2OH)2*,"['L. Widicus', 'A. Blake', 'J. Apponi', 'T. Halfen', 'M. Ziurys', 'M. Hollis', 'J. Remijan', 'J. Lovas']",Sgr B2(N-LMH),['Radio']
2006,CH2CCHCN,"['J. Lovas', 'J. Remijan', 'M. Hollis', 'R. Jewell', 'E. Snyder', 'N. Chin', 'I. Kaiser', 'C. Lemme', 'C. Henkel']",TMC-1,['Radio']
2006,c-H2C3O,"['M. Hollis', 'J. Remijan', 'R. Jewell', 'J. Lovas']",Sgr B2(N-LMH),['Radio']
2006,CH3CONH2,"['M. Hollis', 'J. Lovas', 'J. Remijan', 'R. Jewell', 'V. Ilyushin', 'I. Kleiner']",Sgr B2(N),['Radio']
2006,CH3C6H,"['J. Remijan', 'M. Hollis', 'E. Snyder', 'R. Jewell', 'J. Lovas']",TMC-1,['Radio']
2006,CH2CNH,"['J. Lovas', 'M. Hollis', 'J. Remijan', 'R. Jewell']",Sgr B2(N),['Radio']
2006,CF+,"['A. Neufeld', 'P. Schilke', 'M. Menten', 'G. Wolfire', 'H. Black', 'F. Schuller', 'P. Müller', 'S. Thorwirth', 'R. Güsten', 'S. Philipp']",Orion Bar,['Radio']
2006,CH3C5N,"['E. Snyder', 'M. Hollis', 'R. Jewell', 'J. Lovas', 'A. Remijan']",TMC-1,['Radio']
2006,C6H-,"['C. McCarthy', 'A. Gottlieb', 'H. Gupta', 'P. Thaddeus']","IRC +10216, TMC-1",['Radio']
2007,C4H-,"['J. Cernicharo', 'M. Guélin', 'M. Agúndez', 'K. Kawaguchi', 'M. McCarthy']",IRC +10216,['Radio']
2007,HCP,"['M. Agúndez', 'J. Cernicharo', 'M. Guélin']",IRC +10216,['Radio']
2007,C8H-,"['S. Brünken', 'H. Gupta', 'A. Gottlieb', 'C. McCarthy', 'P. Thaddeus', 'J. Remijan', 'M. Hollis', 'J. Lovas', 'A. Cordiner', 'J. Millar', 'J. Markwick', 'R. Jewell']",TMC-1,['Radio']
2007,CH2CHCH3,"['N. Marcelino', 'J. Cernicharo', 'M. Agúndez', 'E. Roueff', 'M. Gerin', 'J. Martín', 'R. Mauersberger', 'C. Thum']",TMC-1,['Radio']
2007,PO,"['D. Tenenbaum', 'J. Woolf', 'M. Ziurys']",VY Canis Majoris,['Radio']
2008,CNCHO,"['J. Remijan', 'M. Hollis', 'J. Lovas', 'D. Stork', 'R. Jewell', 'S. Meier']",Sgr B2(N),['Radio']
2008,CCP,"['T. Halfen', 'J. Clouthier', 'M. Ziurys']",IRC +10216,['Radio']
2008,C3N-,"['P. Thaddeus', 'A. Gottlieb', 'H. Gupta', 'S. Brünken', 'C. McCarthy', 'M. Agúndez', 'M. Guélin', 'J. Cernicharo']",IRC +10216,['Radio']
2008,NH2CH2CNaminoacetonitrile,"['A. Belloche', 'M. Menten', 'C. Comito', 'P. Müller', 'P. Schilke', 'S. Thorwirth', 'C. Hieret']",Sgr B2(N),['Radio']
2008,PH3,"['M. Agúndez', 'J. Cernicharo', 'R. Pardo', 'M. Guélin', 'G. Phillips', 'D. Tenenbaum', 'M. Ziurys', 'A. Agúndez', 'J. Cernicharo', 'L. Decin', 'P. Encrenaz', 'D. Teyssier']","IRC +10216, CRL 2688",['Radio']
2008,C5N-,"['J. Cernicharo', 'M. Guélin', 'C. McCarthy', 'P. Thaddeus']",IRC +10216,['Radio']
2009,HCNO,"['N. Marcelino', 'J. Cernicharo', 'B. Tercero', 'E. Roueff']","B1, L1544, L193, L1527",['Radio']
2009,AlO,"['D. Tenenbaum', 'M. Ziurys']",VY Canis Major,['Radio']
2009,HOCNcyanic acid,"['S. Brünken', 'A. Gottlieb', 'C. McCarthy', 'P. Thaddeus', 'S. Brünken', 'A. Belloche', 'S. Martín', 'L. Verheyen', 'M. Menten']",Sgr B2,['Radio']
2009,C2H5OCHO,"['A. Belloche', 'T. Garrod', 'P. Müller', 'M. Menten', 'C. Comito', 'P. Schilke']",Sgr B2(N),['Radio']
2009,C3H7CN,"['A. Belloche', 'T. Garrod', 'P. Müller', 'M. Menten', 'C. Comito', 'P. Schilke']",Sgr B2(N),['Radio']
2009,HSCN,"['T. Halfen', 'M. Ziurys', 'S. Brünken', 'A. Gottlieb', 'C. McCarthy', 'P. Thaddeus']",Sgr B2(N),['Radio']
2010,AlOH,"['D. Tenenbaum', 'M. Ziurys']",VY Canis Major,['Radio']
2010,CN-,"['M. Agúndez', 'J. Cernicharo', 'M. Guélin', 'C. Kahane', 'E. Roueff', 'J. Klos', 'F. Lique', 'N. Marcelino', 'R. Goicoechea', 'M. González', 'A. Gottlieb', 'C. McCarthy', 'P. Thaddeus']",IRC +10216,['Radio']
2010,H2O+,['V. Ossenkopf'],"DR21, Sgr B2(M), NGC6334",['Radio']
2010,OH+,"['F. Wyrowski', 'M. Menten', 'R. Güsten', 'A. Belloche']",Sgr B2(M),['Radio']
2010,H2Cl+,[],"NGC 6334I, Sgr B2(S)",['Radio']
2010,C60,"['J. Cami', 'J. Bernard', 'E. Peeters', 'E. Malek', 'K. Sellgren', 'W. Werner', 'G. Ingalls', 'T. Smith', 'M. Carleton', 'C. Joblin']",Tc 1,['IR']
2010,C70,"['J. Cami', 'J. Bernard', 'E. Peeters', 'E. Malek']",Tc 1,['IR']
2010,C14H10+,"['S. Iglesias', 'A. Manchado', 'R. Rebolo', 'I. González', 'A. Garcí', 'L. Lambert']",Cernis 52,['Radio']
2010,KCN,"['L. Pulliam', 'C. Savage', 'M. Agúndez', 'J. Cernicharo', 'M. Guélin', 'M. Ziurys']",IRC +10216,['Radio']
2011,SH+,"['M. Menten', 'F. Wyrowski', 'A. Belloche', 'R. Güsten', 'L. Dedes', 'P. Müller']",Sgr B2,['Radio']
2011,FeCN,"['N. Zack', 'T. Halfen', 'M. Ziurys']",IRC +10216,['Radio']
2011,HOOH,"['P. Bergman', 'B. Parise', 'R. Liseau', 'B. Larsson', 'H. Olofsson', 'M. Menten', 'R. Güsten']",ρ Oph A,['Radio']
2011,O2,"['F. Goldsmith', 'B. Larsson']",Orion,['Radio']
2012,HO2,"['A. Additional', 'B. Parise', 'P. Bergman']",ρ Oph A,['Radio']
2012,HCl+,"['H. Gupta', 'D. Neufeld', 'M. Gerin', 'D. Teyssier', 'J. Drouin', 'C. Pearson', 'R. Monje', 'G. Phillips', 'R. Goicoechea', 'B. Godard', 'E. Falgarone', 'A. Coutens', 'A. Bell']",W31C & W49N,['Radio']
2012,SH,"['A. Neufeld', 'E. Falgarone', 'M. Gerin', 'B. Godard', 'E. Herbst', 'G. Pineau', 'I. Vasyunin', 'R. Güsten', 'H. Wiesemeyer', 'O. Ricken']",W49N,['Radio']
2012,HNCNH,"['A. McGuire', 'A. Loomis', 'M. Charness', 'F. Corby', 'A. Blake', 'M. Hollis', 'J. Lovas', 'R. Jewell', 'J. Remijan']",Sgr B2(N),['Radio']
2012,CH3O,"['J. Cernicharo', 'N. Marcelino', 'E. Roueff', 'M. Gerin', 'A. Jiménez', 'M. Muñoz']",B1-b,['Radio']
2012,l-C3H+,"['I. First', 'J. Pety', 'P. Gratier', 'V. Guzmán', 'E. Roueff', 'M. Gerin', 'R. Goicoechea', 'S. Bardeau', 'A. Sievers', 'A. Belloche', 'D. Talbi', 'X. Huang', 'C. Fortenberry', 'S. Brünken', 'L. Kluge', 'A. Stoffels', 'O. Asvany', 'S. Schlemmer']","Horsehead PDR, Sgr B2(N)",['Radio']
2013,C60+,"['O. Berné', 'G. Mulas', 'C. Joblin', 'A. Galazutidinov', 'K. Krełowski', 'A. Musaev', 'P. Ehrenfruend', 'H. Foing', 'H. Foing', 'A. Ehrenfreund']",NGC 7023,['IR']
2013,CH3CHNH,"['A. Loomis', 'P. Zaleski', 'L. Steber', 'L. Neill', 'T. Muckle', 'J. Harris', 'M. Hollis', 'R. Jewell', 'V. Lattanzi', 'J. Lovas', 'O. Martinez', 'C. McCarthy', 'J. Remijan', 'H. Pate']",Sgr B2(N),['Radio']
2013,E-HNCHCN,"['P. Zaleski', 'A. Seifert', 'L. Steber', 'T. Muckle', 'A. Loomis', 'F. Corby', 'O. Martinez', 'N. Crabtree', 'R. Jewell', 'M. Hollis', 'J. Lovas', 'D. Vasquez', 'J. Nyiramahirwe', 'N. Sciortino', 'K. Johnson', 'C. McCarthy', 'J. Remijan', 'H. Pate']",Sgr B2(N),['Radio']
2013,TiO,"['T. Kamiński', 'A. Gottlieb', 'M. Menten', 'A. Patel', 'H. Young', 'S. Brünken', 'C. McCarthy', 'M. Winters', 'L. Decin']",VY Canis Majori,['Radio']
2013,TiO2,"['T. Kamiński', 'A. Gottlieb', 'M. Menten', 'A. Patel', 'H. Young', 'S. Brünken', 'C. McCarthy', 'M. Winters', 'L. Decin']",VY Canis Majori,['Radio']
2013,CH3COOCH3,"['B. Tercero', 'I. Kleiner', 'J. Cernicharo', 'L. Nguyen', 'A. López', 'M. Muñoz']",Orion,['Radio']
2013,NH3D+,"['J. Cernicharo', 'B. Tercero', 'A. Fuente', 'L. Domenech', 'M. Cueto', 'E. Carrasco', 'J. Herrero', 'I. Tanarro', 'N. Marcelino', 'E. Roeff', 'M. Gerin', 'J. Pearson', 'L. Doménech', 'M. Cueto', 'J. Herrero', 'I. Tanarro', 'B. Tercero', 'A. Fuente', 'J. Cernicharo']","Orion-IRc2, B1-bS",['Radio']
2013,C6H5OHphenol,"['L. Kolesniková', 'M. Daly', 'L. Alonso', 'B. Tercero', 'J. Cernicharo']",Orion KL,['Radio']
2013,HMgNC,"['C. Cabezas', 'J. Cernicharo', 'L. Alonso', 'M. Agúndez', 'S. Mata', 'M. Guélin', 'I. Peña']",IRC +10216,['Radio']
2013,H2NCO+,"['H. Gupta', 'A. Gottlieb', 'V. Lattanzi', 'C. Pearson', 'C. McCarthy']",Sgr B2(N),['Radio']
2013,ArH+,"['J. Barlow', 'M. Swinyard', 'J. Owen', 'J. Cernicharo', 'L. Gomez', 'J. Ivison', 'O. Krause', 'M. Matsuura', 'S. Miller', 'G. Olofsson', 'T. Polehampton']",Crab Nebula,['Radio']
2014,(NH2)2CO,"['J. Remijan', 'E. Snyder', 'A. McGuire', 'W. Looney', 'N. Friedel', 'Y. Golubiatnikov', 'J. Lovas', 'V. Ilyushin', 'A. Alekseev', 'F. Dyubko', 'J. McCall', 'M. Hollis']",Sgr B2(N-LMH),['Radio']
2014,CH3CH2SH,"['L. Kolesniková', 'B. Tercero', 'J. Cernicharo', 'L. Alonso', 'M. Daly', 'P. Gordon', 'T. Shipman']",Orion KL,['Radio']
2014,C3H7CNisopropyl cyanide,"['A. Belloche', 'T. Garrod', 'P. Müller', 'M. Menten']",Sgr B2(N),['Radio']
2014,NO+nitrosylium ion,"['J. Cernicharo', 'S. Bailleux', 'E. Alekseev', 'A. Fuente', 'E. Roueff', 'M. Gerin', 'B. Tercero', 'N. Marcelino', 'R. Bachiller', 'B. Lefloch']",Barnard 1-b,['Radio']
2014,C5S,"['M. Agúndez', 'J. Cernicharo', 'M. Guélin', 'B. Bell', 'W. Avery', 'A. Feldman']",IRC+10216,['Radio']
2014,MgCCHmagnesium monoacetylide,"['M. Agúndez', 'J. Cernicharo', 'M. Guélin']",IRC+10216,['Radio']
2014,NCCPcyanophospha- ethyne,"['M. Agúndez', 'J. Cernicharo', 'M. Guélin']",IRC+10216,['Radio']
2014,SiH3CNsilyl cyanide,"['M. Agúndez', 'J. Cernicharo', 'M. Guélin', 'J. Cernicharo', 'M. Agúndez', 'L. Velilla', 'M. Guélin', 'R. Pardo', 'C. Kahane', 'C. Marka', 'C. Kramer', 'S. Navarro', 'G. Quintana', 'P. Fonfría', 'N. Marcelino', 'B. Tercero', 'E. Moreno', 'S. Massalkhi', 'M. Santander', 'C. McCarthy', 'A. Gottlieb', 'L. Alonso']",IRC+10216,['Radio']
2014,CCNcyanomethylidyne,"['K. Anderson', 'M. Ziurys']",IRC+10216,['Radio']
2015,HCCOketenyl,"['M. Agúndez', 'J. Cernicharo', 'M. Guélin']","Lupus-1A, L483",['Radio']
2015,SiCSidisilicon carbide,"['J. Cernicharo', 'C. McCarthy', 'A. Gottlieb', 'M. Agúndez', 'L. Velilla', 'H. Baraban', 'B. Changala', 'M. Guélin', 'C. Kahane', 'A. Martin', 'A. Patel', 'J. Reilly', 'F. Stanton', 'G. Quintana', 'S. Thorwirth', 'H. Young']",IRC+10216,['Radio']
2015,C60+buckyball cation,"['K. Campbell', 'M. Holz', 'D. Gerlich', 'P. Maier']",diffuse interstellar bands,['UV/Vis']
2015,NCCNH+protonated cyanogen,"['M. Agúndez', 'J. Cernicharo', 'N. Marcelino', 'E. Roueff', 'A. Fuente', 'M. Gerin', 'M. Guélin', 'C. Albo', 'A. Barcia', 'L. Barbas', 'R. Bolaño', 'F. Colomer', 'C. Diez', 'D. Gallego', 'J. Gómez', 'I. López', 'A. López', 'A. López', 'I. Malo', 'M. Serna', 'F. Tercero']","TMC-1, L483",['Radio']
2015,CrOchromium monoxide,"['T. Kamiński', 'E. Mason', 'R. Tylenda', 'R. Schmidt']",V1309 Scorpii,['UV/Vis']
2015,CH3NCOmethyl isocyanate,"['T. Halfen', 'V. Ilyushin', 'M. Ziurys', 'J. Cernicharo', 'Z. Kisiel', 'B. Tercero', 'L. Kolesniková', 'R. Medvedev', 'A. López', 'S. Fortman', 'M. Winnewisser', 'L. Alonso', 'C. Guillemin']",Sgr B2(N),['Radio']
2015,t-C2H5OCH3trans ethyl methyl ether,"['B. Tercero', 'J. Cernicharo', 'A. López', 'N. Brouillet', 'L. Kolesniková', 'A. Motiyenko', 'L. Margulès', 'L. Alonso', 'C. Guillemin']",Orion KL,['Radio']
2016,CH3CHCH2Opropylene oxide,"['A. McGuire', 'B. Carroll', 'A. Loomis', 'A. Finneran', 'R. Jewell', 'J. Remijan', 'A. Blake']",Sgr B2(N),['Radio']
2017,CH3NHCHON-methylformamide,"['A. Belloche', 'A. Meshcheryakov', 'T. Garrod', 'V. Ilyushin', 'A. Alekseev', 'A. Motiyenko', 'L. Margulès', 'P. Müller', 'M. Menten']",Sgr B2(N2),['Radio']
2017,HC5O,"['A. McGuire', 'M. Burkhardt', 'N. Shingledecker', 'V. Kalenskii', 'E. Herbst', 'J. Remijan', 'C. McCarthy']",TMC-1,['Radio']
2017,CH3Clchloromethane,"['C. Fayolle', 'K. Jørgensen', 'K. Altwegg', 'H. Calcutt', 'P. Müller', 'M. Rubin', 'P. Bjerkeli', 'L. Bourke', 'A. Coutens', 'N. Drozdovskaya', 'T. Garrod', 'W. Ligterink', 'V. Persson', 'F. Wampfler']",IRAS 16293-2422,['Radio']
2017,CH3SiH3methyl silane,"['J. Cernicharo', 'M. Agúndez', 'L. Velilla', 'M. Guélin', 'R. Pardo', 'C. Kahane', 'C. Marka', 'C. Kramer', 'S. Navarro', 'G. Quintana', 'P. Fonfría', 'N. Marcelino', 'B. Tercero', 'E. Moreno', 'S. Massalkhi', 'M. Santander', 'C. McCarthy', 'A. Gottlieb', 'L. Alonso']",IRC +10216,['Radio']
2017,"HC7O1-oxo-hepta-2,4,6-triynyl","['A. Cordiner', 'B. Charnley', 'Z. Kisiel', 'A. McGuire', 'J. Kuan', 'A. McGuire', 'M. Burkhardt', 'N. Shingledecker', 'V. Kalenskii', 'E. Herbst', 'J. Remijan', 'C. McCarthy']",TMC-1,['Radio']
2017,CH3OCH2OHmethoxymethanol,"['A. McGuire', 'N. Shingledecker', 'R. Willis', 'M. Burkhardt', 'A. Motiyenko', 'L. Brogan', 'R. Hunter', 'L. Margulès', 'C. Guillemin', 'T. Garrod', 'E. Herbst', 'J. Remijan']",NGC6334I(MM1 core),['Radio']
2017,S2H ,"['A. Fuente', 'R. Goicoechea', 'J. Pety', 'R. Martín', 'P. Gratier', 'V. Guzmán', 'E. Roueff', 'C. Loison', 'M. Muñoz', 'V. Wakelam', 'M. Gerin', 'P. Riviere', 'T. Vidal']",Horsehead nebula,['Radio']
2018,c-C6H5CNbenzonitrile,"['A. McGuire', 'M. Burkhardt', 'S. Kalenskii', 'N. Shingledecker', 'J. Remijan', 'E. Herbst']",TMC-1,['Radio']
2018,NS+nitrogen sulfide cation,"['J. Cernicharo', 'B. Lefloch', 'M. Agúndez', 'S. Bailleux', 'L. Margulès', 'E. Roueff', 'R. Bachiller', 'N. Marcelino', 'B. Tercero', 'C. Vastel', 'E. Caux']","TMC-1, B1b, L483, etc.",['Radio']
